trade_date,symbol,transaction_type,quantity,price,trade_value,charges,segment,strike,option_type
2025-07-31 09:15:00,63MOONS,BUY,17729,758.8127,13452990.36,0,eq,,
2025-07-31 15:15:00,63MOONS,SELL,17729,754.7785,13381468.03,0,eq,,
2025-07-31 09:16:00,AARTIDRUGS,BUY,4112,419.85,1726423.2,0,eq,,
2025-07-31 15:16:00,AARTIDRUGS,SELL,4112,419.85,1726423.2,0,eq,,
2025-07-31 09:17:00,ABCAPITAL,BUY,46500,279.3,12987450.0,0,fo,,
2025-07-31 15:17:00,ABCAPITAL,SELL,46500,280.0367,13021706.55,0,fo,,
2025-07-31 09:18:00,ACMESOLAR,BUY,9000,282.9855,2546869.5,0,eq,,
2025-07-31 15:18:00,ACMESOLAR,SELL,9000,287.8357,2590521.3,0,eq,,
2025-07-31 09:19:00,ADANIENSOL,BUY,1,865.0,865.0,0,eq,,
2025-07-31 15:19:00,ADANIENSOL,SELL,1,864.0,864.0,0,eq,,
2025-07-31 09:20:00,ADANIENT,BUY,1,2495.0,2495.0,0,eq,,
2025-07-31 15:20:00,ADANIENT,SELL,1,2502.2,2502.2,0,eq,,
2025-07-31 09:21:00,ADANIGREEN,BUY,174551,1079.8297,188485353.96,0,eq,,
2025-07-31 15:21:00,ADANIGREEN,SELL,174551,1081.9097,188848420.04,0,eq,,
2025-07-31 09:22:00,ADANIGREEN,BUY,85200,1110.7,94631640.0,0,fo,,
2025-07-31 15:22:00,ADANIGREEN,SELL,85200,1110.6169,94624559.88,0,fo,,
2025-07-31 09:23:00,ADANIGREEN,BUY,170400,1138.7271,194039097.84,0,fo,,
2025-07-31 15:23:00,ADANIGREEN,SELL,170400,1138.5202,194003842.08,0,fo,,
2025-07-31 09:24:00,ADANIPOWER,BUY,309579,191.1553,59177666.62,0,eq,,
2025-07-31 15:24:00,ADANIPOWER,SELL,309579,191.0828,59155222.14,0,eq,,
2025-07-31 09:25:00,ADVANCE,BUY,20000,147.9,2958000.0,0,eq,,
2025-07-31 15:25:00,ADVANCE,SELL,20000,147.9,2958000.0,0,eq,,
2025-07-31 09:26:00,AEGISLOG,BUY,3036,944.6,2867805.6,0,eq,,
2025-07-31 15:26:00,AEGISLOG,SELL,3036,944.6,2867805.6,0,eq,,
2025-07-31 09:27:00,AEGISVOPAK,BUY,5000,276.0,1380000.0,0,eq,,
2025-07-31 15:27:00,AEGISVOPAK,SELL,5000,276.0,1380000.0,0,eq,,
2025-07-31 09:28:00,AEROFLEX,BUY,8000,213.2097,1705677.6,0,eq,,
2025-07-31 15:28:00,AEROFLEX,SELL,8000,213.0085,1704068.0,0,eq,,
2025-07-31 09:29:00,AFFLE,BUY,700,2020.9267,1414648.69,0,eq,,
2025-07-31 15:29:00,AFFLE,SELL,700,1969.3,1378510.0,0,eq,,
2025-07-31 09:30:00,AHCL,BUY,30000,131.07,3932100.0,0,eq,,
2025-07-31 15:30:00,AHCL,SELL,30000,130.725,3921750.0,0,eq,,
2025-07-31 09:31:00,AIRFLOA,BUY,5000,339.4,1697000.0,0,eq,,
2025-07-31 15:31:00,AIRFLOA,SELL,5000,356.35,1781750.0,0,eq,,
2025-07-31 09:32:00,ALOKINDS,BUY,100000,19.76,1976000.0,0,eq,,
2025-07-31 15:32:00,ALOKINDS,SELL,100000,19.04,1904000.0,0,eq,,
2025-07-31 09:33:00,ALPEXSOLAR,BUY,2000,1109.5,2219000.0,0,eq,,
2025-07-31 15:33:00,ALPEXSOLAR,SELL,2000,1049.525,2099050.0,0,eq,,
2025-07-31 09:34:00,AMBER,BUY,3000,7052.25,21156750.0,0,eq,,
2025-07-31 15:34:00,AMBER,SELL,3000,7049.5,21148500.0,0,eq,,
2025-07-31 09:35:00,AMBER,BUY,6500,6649.5385,43222000.25,0,fo,,
2025-07-31 15:35:00,AMBER,SELL,6500,6647.0769,43205999.85,0,fo,,
2025-07-31 09:36:00,ANANTRAJ,BUY,7000,654.8952,4584266.4,0,eq,,
2025-07-31 15:36:00,ANANTRAJ,SELL,7000,645.7181,4520026.7,0,eq,,
2025-07-31 09:37:00,ANTHEM,BUY,9000,759.6717,6837045.3,0,eq,,
2025-07-31 15:37:00,ANTHEM,SELL,9000,745.2801,6707520.9,0,eq,,
2025-07-31 09:38:00,APEX,BUY,20000,263.36,5267200.0,0,eq,,
2025-07-31 15:38:00,APEX,SELL,20000,251.7858,5035716.0,0,eq,,
2025-07-31 09:39:00,APOLLO,BUY,179401,198.2144,35559861.57,0,eq,,
2025-07-31 15:39:00,APOLLO,SELL,179401,205.6678,36897008.99,0,eq,,
2025-07-31 09:40:00,APOLLOPIPE,BUY,5000,487.938,2439690.0,0,eq,,
2025-07-31 15:40:00,APOLLOPIPE,SELL,5000,474.1191,2370595.5,0,eq,,
2025-07-31 09:41:00,ARIES,BUY,12000,455.8579,5470294.8,0,eq,,
2025-07-31 15:41:00,ARIES,SELL,12000,455.5953,5467143.6,0,eq,,
2025-07-31 09:42:00,ARKADE,BUY,5000,206.2961,1031480.5,0,eq,,
2025-07-31 15:42:00,ARKADE,SELL,5000,202.9,1014500.0,0,eq,,
2025-07-31 09:43:00,ARROWGREEN,BUY,8158,659.2,5377753.6,0,eq,,
2025-07-31 15:43:00,ARROWGREEN,SELL,8158,659.1666,5377481.12,0,eq,,
2025-07-31 09:44:00,ARSSBL,BUY,15000,511.0711,7666066.5,0,eq,,
2025-07-31 15:44:00,ARSSBL,SELL,15000,566.0215,8490322.5,0,eq,,
2025-07-31 09:45:00,ASHAPURMIN,BUY,14000,486.9912,6817876.8,0,eq,,
2025-07-31 15:45:00,ASHAPURMIN,SELL,14000,485.6653,6799314.2,0,eq,,
2025-07-31 09:46:00,ASMTEC,BUY,500,3303.6865,1651843.25,0,eq,,
2025-07-31 15:46:00,ASMTEC,SELL,500,3294.0,1647000.0,0,eq,,
2025-07-31 09:47:00,ASTRAL,BUY,1,1284.2,1284.2,0,eq,,
2025-07-31 15:47:00,ASTRAL,SELL,1,1310.1,1310.1,0,eq,,
2025-07-31 09:48:00,ASTRAMICRO,BUY,1000,1122.3489,1122348.9,0,eq,,
2025-07-31 15:48:00,ASTRAMICRO,SELL,1000,1105.0,1105000.0,0,eq,,
2025-07-31 09:49:00,ATGL,BUY,402000,638.0134,256481386.8,0,eq,,
2025-07-31 15:49:00,ATGL,SELL,402000,637.6184,256322596.8,0,eq,,
2025-07-31 09:50:00,ATHERENERG,BUY,15000,565.4807,8482210.5,0,eq,,
2025-07-31 15:50:00,ATHERENERG,SELL,15000,616.1594,9242391.0,0,eq,,
2025-07-31 09:51:00,ATLANTAA,BUY,147383,66.4521,9793909.85,0,eq,,
2025-07-31 15:51:00,ATLANTAA,SELL,147383,66.5112,9802620.19,0,eq,,
2025-07-31 09:52:00,AUBANK,BUY,1,800.0,800.0,0,eq,,
2025-07-31 15:52:00,AUBANK,SELL,1,751.9,751.9,0,eq,,
2025-07-31 09:53:00,AUROPHARMA,BUY,1,1075.5,1075.5,0,eq,,
2025-07-31 15:53:00,AUROPHARMA,SELL,1,1080.5,1080.5,0,eq,,
2025-07-31 09:54:00,AVALON,BUY,6500,891.5385,5795000.25,0,eq,,
2025-07-31 15:54:00,AVALON,SELL,6500,878.2863,5708860.95,0,eq,,
2025-07-31 09:55:00,AVANTEL,BUY,26000,192.3545,5001217.0,0,eq,,
2025-07-31 15:55:00,AVANTEL,SELL,26000,188.1955,4893083.0,0,eq,,
2025-07-31 09:56:00,AWL,BUY,570000,263.8153,150374721.0,0,eq,,
2025-07-31 15:56:00,AWL,SELL,570000,263.8153,150374721.0,0,eq,,
2025-07-31 09:57:00,AXISCADES,BUY,10832,1742.9462,18879593.24,0,eq,,
2025-07-31 15:57:00,AXISCADES,SELL,10832,1743.6943,18887696.66,0,eq,,
2025-07-31 09:58:00,AZAD,BUY,19000,1592.3816,30255250.4,0,eq,,
2025-07-31 15:58:00,AZAD,SELL,19000,1592.3816,30255250.4,0,eq,,
2025-07-31 09:59:00,BAJAJCON,BUY,15000,202.9,3043500.0,0,eq,,
2025-07-31 15:59:00,BAJAJCON,SELL,15000,204.6835,3070252.5,0,eq,,
2025-07-31 10:00:00,BAJAJINDEF,BUY,12000,505.16,6061920.0,0,eq,,
2025-07-31 16:00:00,BAJAJINDEF,SELL,12000,482.61,5791320.0,0,eq,,
2025-07-31 10:01:00,BALKRISIND,BUY,16100,2394.5975,38553019.75,0,eq,,
2025-07-31 16:01:00,BALKRISIND,SELL,16100,2394.2,38546620.0,0,eq,,
2025-07-31 10:02:00,BANCOINDIA,BUY,14000,676.9163,9476828.2,0,eq,,
2025-07-31 16:02:00,BANCOINDIA,SELL,14000,644.591,9024274.0,0,eq,,
2025-07-31 10:03:00,BANKBARODA,BUY,361097,224.2337,80970116.37,0,eq,,
2025-07-31 16:03:00,BANKBARODA,SELL,361097,224.21,80961558.37,0,eq,,
2025-07-31 10:04:00,BASILIC,BUY,1500,442.0,663000.0,0,eq,,
2025-07-31 16:04:00,BASILIC,SELL,1500,424.0,636000.0,0,eq,,
2025-07-31 10:05:00,BDL,BUY,1601,1962.0468,3141236.93,0,eq,,
2025-07-31 16:05:00,BDL,SELL,1601,1979.2488,3168777.33,0,eq,,
2025-07-31 10:06:00,BEL,BUY,3000,408.2,1224600.0,0,eq,,
2025-07-31 16:06:00,BEL,SELL,3000,412.3,1236900.0,0,eq,,
2025-07-31 10:07:00,BEL,BUY,5700,399.0,2274300.0,0,fo,,
2025-07-31 16:07:00,BEL,SELL,5700,398.625,2272162.5,0,fo,,
2025-07-31 10:08:00,BELRISE,BUY,62500,116.2652,7266575.0,0,eq,,
2025-07-31 16:08:00,BELRISE,SELL,62500,114.2741,7142131.25,0,eq,,
2025-07-31 10:09:00,BEML,BUY,1900,4385.7266,8332880.54,0,eq,,
2025-07-31 16:09:00,BEML,SELL,1900,4354.9549,8274414.31,0,eq,,
2025-07-31 10:10:00,BFUTILITIE,BUY,8000,878.1,7024800.0,0,eq,,
2025-07-31 16:10:00,BFUTILITIE,SELL,8000,874.604,6996832.0,0,eq,,
2025-07-31 10:11:00,BHARATFORG,BUY,2926,1231.9342,3604639.47,0,eq,,
2025-07-31 16:11:00,BHARATFORG,SELL,2926,1231.9342,3604639.47,0,eq,,
2025-07-31 10:12:00,BHARTIARTL,BUY,3000,1875.5,5626500.0,0,eq,,
2025-07-31 16:12:00,BHARTIARTL,SELL,3000,1866.161,5598483.0,0,eq,,
2025-07-31 10:13:00,BLACKBUCK,BUY,7000,594.0487,4158340.9,0,eq,,
2025-07-31 16:13:00,BLACKBUCK,SELL,7000,608.6861,4260802.7,0,eq,,
2025-07-31 10:14:00,BLS,BUY,5000,420.4,2102000.0,0,eq,,
2025-07-31 16:14:00,BLS,SELL,5000,408.9307,2044653.5,0,eq,,
2025-07-31 10:15:00,BLUEDART,BUY,564,6645.0,3747780.0,0,eq,,
2025-07-31 16:15:00,BLUEDART,SELL,564,6654.0984,3752911.5,0,eq,,
2025-07-31 10:16:00,BSE,BUY,16945,5015.477,84987257.77,0,eq,,
2025-07-31 16:16:00,BSE,SELL,16945,5035.9027,85333371.25,0,eq,,
2025-07-31 10:17:00,BSE,BUY,5000,5295.85,26479250.0,0,fo,,
2025-07-31 16:17:00,BSE,SELL,5000,5300.7688,26503844.0,0,fo,,
2025-07-31 10:18:00,C2C,BUY,1800,789.4,1420920.0,0,eq,,
2025-07-31 16:18:00,C2C,SELL,1800,840.3,1512540.0,0,eq,,
2025-07-31 10:19:00,CAMLINFINE,BUY,28000,205.817,5762876.0,0,eq,,
2025-07-31 16:19:00,CAMLINFINE,SELL,28000,214.2359,5998605.2,0,eq,,
2025-07-31 10:20:00,CANHLIFE,BUY,75000,118.2467,8868502.5,0,eq,,
2025-07-31 16:20:00,CANHLIFE,SELL,75000,116.18,8713500.0,0,eq,,
2025-07-31 10:21:00,CARTRADE,BUY,1825,2950.686,5385001.95,0,eq,,
2025-07-31 16:21:00,CARTRADE,SELL,1825,3084.3534,5628944.96,0,eq,,
2025-07-31 10:22:00,CCCL,BUY,853749,22.0587,18832593.07,0,eq,,
2025-07-31 16:22:00,CCCL,SELL,853749,22.2295,18978413.4,0,eq,,
2025-07-31 10:23:00,CDSL,BUY,2000,1503.0,3006000.0,0,eq,,
2025-07-31 16:23:00,CDSL,SELL,2000,1575.0711,3150142.2,0,eq,,
2025-07-31 10:24:00,CEATLTD,BUY,500,4036.6312,2018315.6,0,eq,,
2025-07-31 16:24:00,CEATLTD,SELL,500,3827.0152,1913507.6,0,eq,,
2025-07-31 10:25:00,CEINSYSTECH,BUY,500,1732.2,866100.0,0,eq,,
2025-07-31 16:25:00,CEINSYSTECH,SELL,500,1601.5084,800754.2,0,eq,,
2025-07-31 10:26:00,CENTUM,BUY,500,2992.0382,1496019.1,0,eq,,
2025-07-31 16:26:00,CENTUM,SELL,500,2835.343,1417671.5,0,eq,,
2025-07-31 10:27:00,CGCL,BUY,15000,182.0189,2730283.5,0,eq,,
2025-07-31 16:27:00,CGCL,SELL,15000,181.5611,2723416.5,0,eq,,
2025-07-31 10:28:00,CGPOWER,BUY,1,676.95,676.95,0,eq,,
2025-07-31 16:28:00,CGPOWER,SELL,1,694.45,694.45,0,eq,,
2025-07-31 10:29:00,COASTCORP,BUY,50000,44.8,2240000.0,0,eq,,
2025-07-31 16:29:00,COASTCORP,SELL,50000,44.8,2240000.0,0,eq,,
2025-07-31 10:30:00,COCHINSHIP,BUY,13300,1978.2308,26310469.64,0,eq,,
2025-07-31 16:30:00,COCHINSHIP,SELL,13300,2058.0296,27371793.68,0,eq,,
2025-07-31 10:31:00,COCKERILL,BUY,300,6385.85,1915755.0,0,eq,,
2025-07-31 16:31:00,COCKERILL,SELL,300,5620.3627,1686108.81,0,eq,,
2025-07-31 10:32:00,COSMOFIRST,BUY,10530,994.1458,10468355.27,0,eq,,
2025-07-31 16:32:00,COSMOFIRST,SELL,10530,968.9551,10203097.2,0,eq,,
2025-07-31 10:33:00,CPPLUS,BUY,28265,1417.0157,40051948.76,0,eq,,
2025-07-31 16:33:00,CPPLUS,SELL,28265,1434.4781,40545523.5,0,eq,,
2025-07-31 10:34:00,CRAMC,BUY,16000,328.3288,5253260.8,0,eq,,
2025-07-31 16:34:00,CRAMC,SELL,16000,327.9729,5247566.4,0,eq,,
2025-07-31 10:35:00,CRIZAC,BUY,135000,308.9897,41713609.5,0,eq,,
2025-07-31 16:35:00,CRIZAC,SELL,135000,309.2919,41754406.5,0,eq,,
2025-07-31 10:36:00,CUPID,BUY,30000,152.6745,4580235.0,0,eq,,
2025-07-31 16:36:00,CUPID,SELL,30000,155.3145,4659435.0,0,eq,,
2025-07-31 10:37:00,DANISH,BUY,1500,968.45,1452675.0,0,eq,,
2025-07-31 16:37:00,DANISH,SELL,1500,901.61,1352415.0,0,eq,,
2025-07-31 10:38:00,DATAPATTNS,BUY,1200,2869.6345,3443561.4,0,eq,,
2025-07-31 16:38:00,DATAPATTNS,SELL,1200,2934.8368,3521804.16,0,eq,,
2025-07-31 10:39:00,DCBBANK,BUY,3,173.99,521.97,0,eq,,
2025-07-31 16:39:00,DCBBANK,SELL,2,177.76,355.52,0,eq,,
2025-07-31 10:40:00,DECCANCE,BUY,5449,1075.0,5857675.0,0,eq,,
2025-07-31 16:40:00,DECCANCE,SELL,5449,1072.2446,5842660.83,0,eq,,
2025-07-31 10:41:00,DELHIVERY,BUY,74000,359.1188,26574791.2,0,eq,,
2025-07-31 16:41:00,DELHIVERY,SELL,74000,359.2072,26581332.8,0,eq,,
2025-07-31 10:42:00,DHANI,BUY,50000,64.8345,3241725.0,0,eq,,
2025-07-31 16:42:00,DHANI,SELL,50000,62.1817,3109085.0,0,eq,,
2025-07-31 10:43:00,DIACABS,BUY,60000,140.1775,8410650.0,0,eq,,
2025-07-31 16:43:00,DIACABS,SELL,60000,138.5863,8315178.0,0,eq,,
2025-07-31 10:44:00,DLF,BUY,1650,782.65,1291372.5,0,fo,,
2025-07-31 16:44:00,DLF,SELL,1650,791.675,1306263.75,0,fo,,
2025-07-31 10:45:00,DRREDDY,BUY,1,1255.5,1255.5,0,eq,,
2025-07-31 16:45:00,DRREDDY,SELL,1,1250.0,1250.0,0,eq,,
2025-07-31 10:46:00,DSSL,BUY,2000,1031.9,2063800.0,0,eq,,
2025-07-31 16:46:00,DSSL,SELL,2000,1030.0,2060000.0,0,eq,,
2025-07-31 10:47:00,DYCL,BUY,8500,609.5889,5181505.65,0,eq,,
2025-07-31 16:47:00,DYCL,SELL,8500,597.3581,5077543.85,0,eq,,
2025-07-31 10:48:00,E2E,BUY,5500,2811.5651,15463608.05,0,eq,,
2025-07-31 16:48:00,E2E,SELL,5500,2705.2951,14879123.05,0,eq,,
2025-07-31 10:49:00,EBGNG,BUY,12000,358.4362,4301234.4,0,eq,,
2025-07-31 16:49:00,EBGNG,SELL,12000,337.4282,4049138.4,0,eq,,
2025-07-31 10:50:00,EICHERMOT,BUY,350,6983.5,2444225.0,0,fo,,
2025-07-31 16:50:00,EICHERMOT,SELL,350,6994.0,2447900.0,0,fo,,
2025-07-31 10:51:00,EIEL,BUY,14000,277.9858,3891801.2,0,eq,,
2025-07-31 16:51:00,EIEL,SELL,14000,273.9475,3835265.0,0,eq,,
2025-07-31 10:52:00,EIMCOELECO,BUY,3000,2169.8308,6509492.4,0,eq,,
2025-07-31 16:52:00,EIMCOELECO,SELL,3000,2158.6833,6476049.9,0,eq,,
2025-07-31 10:53:00,ELLEN,BUY,92479,547.8093,50660856.25,0,eq,,
2025-07-31 16:53:00,ELLEN,SELL,92479,545.3949,50437574.96,0,eq,,
2025-07-31 10:54:00,EMAMIPAP,BUY,10000,116.52,1165200.0,0,eq,,
2025-07-31 16:54:00,EMAMIPAP,SELL,10000,109.34,1093400.0,0,eq,,
2025-07-31 10:55:00,EMCURE,BUY,10500,1382.2286,14513400.3,0,eq,,
2025-07-31 16:55:00,EMCURE,SELL,10500,1404.2336,14744452.8,0,eq,,
2025-07-31 10:56:00,EMMVEE,BUY,40000,241.34,9653600.0,0,eq,,
2025-07-31 16:56:00,EMMVEE,SELL,40000,233.209,9328360.0,0,eq,,
2025-07-31 10:57:00,ENGINERSIN,BUY,8000,248.4407,1987525.6,0,eq,,
2025-07-31 16:57:00,ENGINERSIN,SELL,8000,248.2485,1985988.0,0,eq,,
2025-07-31 10:58:00,ENRIN,BUY,1300,3001.9814,3902575.82,0,eq,,
2025-07-31 16:58:00,ENRIN,SELL,1300,2934.1394,3814381.22,0,eq,,
2025-07-31 10:59:00,EPACK,BUY,4000,412.8,1651200.0,0,eq,,
2025-07-31 16:59:00,EPACK,SELL,4000,412.8,1651200.0,0,eq,,
2025-07-31 11:00:00,EPACKPEB,BUY,92935,247.7686,23026374.84,0,eq,,
2025-07-31 17:00:00,EPACKPEB,SELL,92935,250.6866,23297559.17,0,eq,,
2025-07-31 11:01:00,ESSARSHPNG,BUY,75000,37.4887,2811652.5,0,eq,,
2025-07-31 17:01:00,ESSARSHPNG,SELL,75000,37.0784,2780880.0,0,eq,,
2025-07-31 11:02:00,ETERNAL,BUY,1174795,291.8739,342891998.35,0,eq,,
2025-07-31 17:02:00,ETERNAL,SELL,1174795,292.0686,343120730.94,0,eq,,
2025-07-31 11:03:00,ETERNAL,BUY,9700,315.225,3057682.5,0,fo,,
2025-07-31 17:03:00,ETERNAL,SELL,9700,317.375,3078537.5,0,fo,,
2025-07-31 11:04:00,ETERNAL,BUY,9700,360.7625,3499396.25,0,fo,,
2025-07-31 17:04:00,ETERNAL,SELL,9700,338.4,3282480.0,0,fo,,
2025-07-31 11:05:00,ETERNAL,BUY,14550,326.725,4753848.75,0,fo,,
2025-07-31 17:05:00,ETERNAL,SELL,14550,332.7167,4841027.99,0,fo,,
2025-07-31 11:06:00,ETERNAL,BUY,194000,298.5,57909000.0,0,fo,,
2025-07-31 17:06:00,ETERNAL,SELL,194000,300.4706,58291296.4,0,fo,,
2025-07-31 11:07:00,FACT,BUY,5500,993.3894,5463641.7,0,eq,,
2025-07-31 17:07:00,FACT,SELL,5500,978.9171,5384044.05,0,eq,,
2025-07-31 11:08:00,FINOPB,BUY,32512,249.0138,8095936.67,0,eq,,
2025-07-31 17:08:00,FINOPB,SELL,32512,250.4315,8142028.93,0,eq,,
2025-07-31 11:09:00,FIRSTCRY,BUY,6000,437.5,2625000.0,0,eq,,
2025-07-31 17:09:00,FIRSTCRY,SELL,6000,387.0134,2322080.4,0,eq,,
2025-07-31 11:10:00,FMGOETZE,BUY,8500,446.2912,3793475.2,0,eq,,
2025-07-31 17:10:00,FMGOETZE,SELL,8500,440.749,3746366.5,0,eq,,
2025-07-31 11:11:00,FOCUS,BUY,171000,95.3468,16304302.8,0,eq,,
2025-07-31 17:11:00,FOCUS,SELL,171000,95.3468,16304302.8,0,eq,,
2025-07-31 11:12:00,FORCEMOT,BUY,500,12117.645,6058822.5,0,eq,,
2025-07-31 17:12:00,FORCEMOT,SELL,500,11940.211,5970105.5,0,eq,,
2025-07-31 11:13:00,GABRIEL,BUY,9000,946.1921,8515728.9,0,eq,,
2025-07-31 17:13:00,GABRIEL,SELL,9000,932.9512,8396560.8,0,eq,,
2025-07-31 11:14:00,GAIL,BUY,1,174.03,174.03,0,eq,,
2025-07-31 17:14:00,GAIL,SELL,1,172.22,172.22,0,eq,,
2025-07-31 11:15:00,GARUDA,BUY,40000,198.8818,7955272.0,0,eq,,
2025-07-31 17:15:00,GARUDA,SELL,40000,190.2171,7608684.0,0,eq,,
2025-07-31 11:16:00,GKENERGY,BUY,25000,200.093,5002325.0,0,eq,,
2025-07-31 17:16:00,GKENERGY,SELL,25000,206.3321,5158302.5,0,eq,,
2025-07-31 11:17:00,GLENMARK,BUY,42668,2284.3472,97468526.33,0,eq,,
2025-07-31 17:17:00,GLENMARK,SELL,42668,2281.2265,97335372.3,0,eq,,
2025-07-31 11:18:00,GLENMARK,BUY,7500,2197.6,16482000.0,0,fo,,
2025-07-31 17:18:00,GLENMARK,SELL,7500,2264.15,16981125.0,0,fo,,
2025-07-31 11:19:00,GMBREW,BUY,12200,994.0797,12127772.34,0,eq,,
2025-07-31 17:19:00,GMBREW,SELL,12200,937.8006,11441167.32,0,eq,,
2025-07-31 11:20:00,GMDCLTD,BUY,9000,566.9068,5102161.2,0,eq,,
2025-07-31 17:20:00,GMDCLTD,SELL,9000,557.5878,5018290.2,0,eq,,
2025-07-31 11:21:00,GMRP&UI,BUY,27000,136.8082,3693821.4,0,eq,,
2025-07-31 17:21:00,GMRP&UI,SELL,27000,134.0193,3618521.1,0,eq,,
2025-07-31 11:22:00,GOCLCORP,BUY,6000,379.35,2276100.0,0,eq,,
2025-07-31 17:22:00,GOCLCORP,SELL,6000,397.85,2387100.0,0,eq,,
2025-07-31 11:23:00,GODFRYPHLP,BUY,4362,9064.7236,39540324.34,0,eq,,
2025-07-31 17:23:00,GODFRYPHLP,SELL,4362,9080.9309,39611020.59,0,eq,,
2025-07-31 11:24:00,GPIL,BUY,9000,275.6696,2481026.4,0,eq,,
2025-07-31 17:24:00,GPIL,SELL,9000,263.553,2371977.0,0,eq,,
2025-07-31 11:25:00,GRAPHITE,BUY,9280,572.0953,5309044.38,0,eq,,
2025-07-31 17:25:00,GRAPHITE,SELL,9280,546.4652,5071197.06,0,eq,,
2025-07-31 11:26:00,GROWW,BUY,230000,162.9874,37487102.0,0,eq,,
2025-07-31 17:26:00,GROWW,SELL,230000,168.6202,38782646.0,0,eq,,
2025-07-31 11:27:00,GRSE,BUY,19066,2820.4717,53775113.43,0,eq,,
2025-07-31 17:27:00,GRSE,SELL,19066,2851.8124,54372655.22,0,eq,,
2025-07-31 11:28:00,GRWRHITECH,BUY,8673,3937.0626,34146143.93,0,eq,,
2025-07-31 17:28:00,GRWRHITECH,SELL,8673,3957.1879,34320690.66,0,eq,,
2025-07-31 11:29:00,GVPIL,BUY,10000,330.2,3302000.0,0,eq,,
2025-07-31 17:29:00,GVPIL,SELL,10000,335.125,3351250.0,0,eq,,
2025-07-31 11:30:00,GVTD,BUY,6000,2407.9575,14447745.0,0,eq,,
2025-07-31 17:30:00,GVTD,SELL,6000,2419.7948,14518768.8,0,eq,,
2025-07-31 11:31:00,HAL,BUY,1,4600.0,4600.0,0,eq,,
2025-07-31 17:31:00,HAL,SELL,1,4529.2,4529.2,0,eq,,
2025-07-31 11:32:00,HAL,BUY,600,5140.35,3084210.0,0,fo,,
2025-07-31 17:32:00,HAL,SELL,600,5134.5,3080700.0,0,fo,,
2025-07-31 11:33:00,HATSUN,BUY,14400,1083.8125,15606900.0,0,eq,,
2025-07-31 17:33:00,HATSUN,SELL,14400,1083.6538,15604614.72,0,eq,,
2025-07-31 11:34:00,HBLENGINE,BUY,3500,901.2605,3154411.75,0,eq,,
2025-07-31 17:34:00,HBLENGINE,SELL,3500,901.5764,3155517.4,0,eq,,
2025-07-31 11:35:00,HEG,BUY,5000,548.9639,2744819.5,0,eq,,
2025-07-31 17:35:00,HEG,SELL,5000,494.7274,2473637.0,0,eq,,
2025-07-31 11:36:00,HEXT,BUY,3000,855.0445,2565133.5,0,eq,,
2025-07-31 17:36:00,HEXT,SELL,3000,852.9948,2558984.4,0,eq,,
2025-07-31 11:37:00,HILINFRA,BUY,10000,122.84,1228400.0,0,eq,,
2025-07-31 17:37:00,HILINFRA,SELL,10000,123.0,1230000.0,0,eq,,
2025-07-31 11:38:00,HINDCOPPER,BUY,36000,202.28,7282080.0,0,eq,,
2025-07-31 17:38:00,HINDCOPPER,SELL,36000,202.28,7282080.0,0,eq,,
2025-07-31 11:39:00,HINDMOTORS,BUY,210000,33.1752,6966792.0,0,eq,,
2025-07-31 17:39:00,HINDMOTORS,SELL,210000,31.7771,6673191.0,0,eq,,
2025-07-31 11:40:00,HINDZINC,BUY,3000,458.0,1374000.0,0,eq,,
2025-07-31 17:40:00,HINDZINC,SELL,3000,458.3,1374900.0,0,eq,,
2025-07-31 11:41:00,HIRECT,BUY,1000,1712.2,1712200.0,0,eq,,
2025-07-31 17:41:00,HIRECT,SELL,1000,1870.35,1870350.0,0,eq,,
2025-07-31 11:42:00,HLEGLAS,BUY,78313,493.253,38628122.19,0,eq,,
2025-07-31 17:42:00,HLEGLAS,SELL,78313,495.2081,38781231.94,0,eq,,
2025-07-31 11:43:00,HONASA,BUY,24500,328.8895,8057792.75,0,eq,,
2025-07-31 17:43:00,HONASA,SELL,24500,343.6435,8419265.75,0,eq,,
2025-07-31 11:44:00,HUBTOWN,BUY,12000,353.2093,4238511.6,0,eq,,
2025-07-31 17:44:00,HUBTOWN,SELL,12000,353.01,4236120.0,0,eq,,
2025-07-31 11:45:00,HYUNDAI,BUY,2600,2657.9022,6910545.72,0,eq,,
2025-07-31 17:45:00,HYUNDAI,SELL,2600,2659.9408,6915846.08,0,eq,,
2025-07-31 11:46:00,ICICIBANK,BUY,2100,1452.8667,3051020.07,0,fo,,
2025-07-31 17:46:00,ICICIBANK,SELL,2100,1439.4333,3022809.93,0,fo,,
2025-07-31 11:47:00,ICIL,BUY,39826,284.2578,11320851.14,0,eq,,
2025-07-31 17:47:00,ICIL,SELL,39826,289.914,11546114.96,0,eq,,
2025-07-31 11:48:00,IDBI,BUY,10000,97.737,977370.0,0,eq,,
2025-07-31 17:48:00,IDBI,SELL,10000,97.0,970000.0,0,eq,,
2025-07-31 11:49:00,IDEA,BUY,9600010,7.7695,74587277.69,0,eq,,
2025-07-31 17:49:00,IDEA,SELL,9600010,7.7512,74411597.51,0,eq,,
2025-07-31 11:50:00,IDEA,BUY,6720000,7.9475,53407200.0,0,fo,,
2025-07-31 17:50:00,IDEA,SELL,6720000,7.9214,53231808.0,0,fo,,
2025-07-31 11:51:00,IDEAFORGE,BUY,21929,592.8699,13001044.04,0,eq,,
2025-07-31 17:51:00,IDEAFORGE,SELL,21929,577.3483,12660670.87,0,eq,,
2025-07-31 11:52:00,IEL,BUY,75000,24.7932,1859490.0,0,eq,,
2025-07-31 17:52:00,IEL,SELL,75000,25.5753,1918147.5,0,eq,,
2025-07-31 11:53:00,IEX,BUY,305272,173.3871,52930226.79,0,eq,,
2025-07-31 17:53:00,IEX,SELL,305272,172.4652,52648796.53,0,eq,,
2025-07-31 11:54:00,IFBIND,BUY,10707,1538.1674,16469158.35,0,eq,,
2025-07-31 17:54:00,IFBIND,SELL,10707,1535.3422,16438908.94,0,eq,,
2025-07-31 11:55:00,IFCI,BUY,50000,69.0859,3454295.0,0,eq,,
2025-07-31 17:55:00,IFCI,SELL,50000,65.9807,3299035.0,0,eq,,
2025-07-31 11:56:00,IFGLEXPOR,BUY,7000,277.11,1939770.0,0,eq,,
2025-07-31 17:56:00,IFGLEXPOR,SELL,7000,277.11,1939770.0,0,eq,,
2025-07-31 11:57:00,IGIL,BUY,28667,371.6407,10653823.95,0,eq,,
2025-07-31 17:57:00,IGIL,SELL,28667,365.4866,10477404.36,0,eq,,
2025-07-31 11:58:00,INDIGO,BUY,1300,5807.4781,7549721.53,0,eq,,
2025-07-31 17:58:00,INDIGO,SELL,1300,5807.2504,7549425.52,0,eq,,
2025-07-31 11:59:00,INDIQUBE,BUY,6000,224.6543,1347925.8,0,eq,,
2025-07-31 17:59:00,INDIQUBE,SELL,6000,215.0019,1290011.4,0,eq,,
2025-07-31 12:00:00,INDOBORAX,BUY,6000,293.42,1760520.0,0,eq,,
2025-07-31 18:00:00,INDOBORAX,SELL,6000,289.7149,1738289.4,0,eq,,
2025-07-31 12:01:00,INDOCO,BUY,6000,332.2,1993200.0,0,eq,,
2025-07-31 18:01:00,INDOCO,SELL,6000,303.4514,1820708.4,0,eq,,
2025-07-31 12:02:00,INDOTECH,BUY,10600,1984.9689,21040670.34,0,eq,,
2025-07-31 18:02:00,INDOTECH,SELL,10600,1947.9706,20648488.36,0,eq,,
2025-07-31 12:03:00,INDUSINDBK,BUY,1,820.0,820.0,0,eq,,
2025-07-31 18:03:00,INDUSINDBK,SELL,1,830.25,830.25,0,eq,,
2025-07-31 12:04:00,INFOBEAN,BUY,39250,577.4956,22666702.3,0,eq,,
2025-07-31 18:04:00,INFOBEAN,SELL,39250,578.6216,22710897.8,0,eq,,
2025-07-31 12:05:00,INOXGREEN,BUY,121180,205.9789,24960523.1,0,eq,,
2025-07-31 18:05:00,INOXGREEN,SELL,121180,204.7928,24816791.5,0,eq,,
2025-07-31 12:06:00,INOXWIND,BUY,1,144.0,144.0,0,eq,,
2025-07-31 18:06:00,INOXWIND,SELL,1,138.93,138.93,0,eq,,
2025-07-31 12:07:00,INTELLECT,BUY,7130,1045.8772,7457104.44,0,eq,,
2025-07-31 18:07:00,INTELLECT,SELL,7130,1051.3968,7496459.18,0,eq,,
2025-07-31 12:08:00,IRCON,BUY,16000,218.5465,3496744.0,0,eq,,
2025-07-31 18:08:00,IRCON,SELL,16000,217.9274,3486838.4,0,eq,,
2025-07-31 12:09:00,ITCHOTELS,BUY,21000,213.1671,4476509.1,0,eq,,
2025-07-31 18:09:00,ITCHOTELS,SELL,21000,213.0538,4474129.8,0,eq,,
2025-07-31 12:10:00,ITI,BUY,81140,320.6506,26017589.68,0,eq,,
2025-07-31 18:10:00,ITI,SELL,81140,326.4179,26485548.41,0,eq,,
2025-07-31 12:11:00,IXIGO,BUY,110200,226.7363,24986340.26,0,eq,,
2025-07-31 18:11:00,IXIGO,SELL,110200,226.0956,24915735.12,0,eq,,
2025-07-31 12:12:00,IZMO,BUY,17000,680.0529,11560899.3,0,eq,,
2025-07-31 18:12:00,IZMO,SELL,17000,679.193,11546281.0,0,eq,,
2025-07-31 12:13:00,JAICORPLTD,BUY,30000,171.3472,5140416.0,0,eq,,
2025-07-31 18:13:00,JAICORPLTD,SELL,30000,163.4526,4903578.0,0,eq,,
2025-07-31 12:14:00,JAINREC,BUY,39000,370.5246,14450459.4,0,eq,,
2025-07-31 18:14:00,JAINREC,SELL,39000,364.4148,14212177.2,0,eq,,
2025-07-31 12:15:00,JAYNECOIND,BUY,285000,63.8095,18185707.5,0,eq,,
2025-07-31 18:15:00,JAYNECOIND,SELL,285000,64.0404,18251514.0,0,eq,,
2025-07-31 12:16:00,JBMA,BUY,2500,711.8928,1779732.0,0,eq,,
2025-07-31 18:16:00,JBMA,SELL,2500,714.0,1785000.0,0,eq,,
2025-07-31 12:17:00,JINDALPHOT,BUY,1946,1245.8,2424326.8,0,eq,,
2025-07-31 18:17:00,JINDALPHOT,SELL,1946,1245.042,2422851.73,0,eq,,
2025-07-31 12:18:00,JMFINANCIL,BUY,62000,183.2816,11363459.2,0,eq,,
2025-07-31 18:18:00,JMFINANCIL,SELL,62000,180.4304,11186684.8,0,eq,,
2025-07-31 12:19:00,JPOLYINVST,BUY,5070,1076.2696,5456686.87,0,eq,,
2025-07-31 18:19:00,JPOLYINVST,SELL,5070,1053.7661,5342594.13,0,eq,,
2025-07-31 12:20:00,JPPOWER,BUY,575000,23.78,13673500.0,0,eq,,
2025-07-31 18:20:00,JPPOWER,SELL,575000,24.1096,13863020.0,0,eq,,
2025-07-31 12:21:00,JUBLCPL,BUY,500,2793.583,1396791.5,0,eq,,
2025-07-31 18:21:00,JUBLCPL,SELL,500,2805.4398,1402719.9,0,eq,,
2025-07-31 12:22:00,JYOTICNC,BUY,3686,1011.9368,3729999.04,0,eq,,
2025-07-31 18:22:00,JYOTICNC,SELL,3686,1011.9368,3729999.04,0,eq,,
2025-07-31 12:23:00,KALAMANDIR,BUY,75000,186.49,13986750.0,0,eq,,
2025-07-31 18:23:00,KALAMANDIR,SELL,75000,186.1633,13962247.5,0,eq,,
2025-07-31 12:24:00,KALPATARU,BUY,3000,454.0828,1362248.4,0,eq,,
2025-07-31 18:24:00,KALPATARU,SELL,3000,419.2312,1257693.6,0,eq,,
2025-07-31 12:25:00,KALYANKJIL,BUY,223117,513.6764,114609937.34,0,eq,,
2025-07-31 18:25:00,KALYANKJIL,SELL,223117,514.2051,114727899.3,0,eq,,
2025-07-31 12:26:00,KALYANKJIL,BUY,76725,504.45,38703926.25,0,fo,,
2025-07-31 18:26:00,KALYANKJIL,SELL,76725,504.3182,38693813.89,0,fo,,
2025-07-31 12:27:00,KAYA,BUY,304,342.35,104074.4,0,eq,,
2025-07-31 18:27:00,KAYA,SELL,304,342.35,104074.4,0,eq,,
2025-07-31 12:28:00,KAYNES,BUY,1650,6210.9652,10248092.58,0,eq,,
2025-07-31 18:28:00,KAYNES,SELL,1650,6194.1152,10220290.08,0,eq,,
2025-07-31 12:29:00,KAYNES,BUY,1100,6190.5,6809550.0,0,fo,,
2025-07-31 18:29:00,KAYNES,SELL,1100,6190.0,6809000.0,0,fo,,
2025-07-31 12:30:00,KERNEX,BUY,13645,1093.9004,14926270.96,0,eq,,
2025-07-31 18:30:00,KERNEX,SELL,13645,1135.3241,15491497.34,0,eq,,
2025-07-31 12:31:00,KIOCL,BUY,116928,442.1322,51697633.88,0,eq,,
2025-07-31 18:31:00,KIOCL,SELL,116928,442.824,51778524.67,0,eq,,
2025-07-31 12:32:00,KIRIINDUS,BUY,7500,708.6049,5314536.75,0,eq,,
2025-07-31 18:32:00,KIRIINDUS,SELL,7500,658.5277,4938957.75,0,eq,,
2025-07-31 12:33:00,KITEX,BUY,56000,244.5154,13692862.4,0,eq,,
2025-07-31 18:33:00,KITEX,SELL,56000,244.8627,13712311.2,0,eq,,
2025-07-31 12:34:00,KPIGREEN,BUY,92197,484.9593,44711792.58,0,eq,,
2025-07-31 18:34:00,KPIGREEN,SELL,92197,482.5258,44487431.18,0,eq,,
2025-07-31 12:35:00,KPITTECH,BUY,8000,1096.48,8771840.0,0,fo,,
2025-07-31 18:35:00,KPITTECH,SELL,8000,1092.6,8740800.0,0,fo,,
2025-07-31 12:36:00,KRBL,BUY,4000,491.7709,1967083.6,0,eq,,
2025-07-31 18:36:00,KRBL,SELL,4000,454.0,1816000.0,0,eq,,
2025-07-31 12:37:00,KRN,BUY,4000,923.7213,3694885.2,0,eq,,
2025-07-31 18:37:00,KRN,SELL,4000,924.5,3698000.0,0,eq,,
2025-07-31 12:38:00,LAURUSLABS,BUY,5100,923.0333,4707469.83,0,fo,,
2025-07-31 18:38:00,LAURUSLABS,SELL,5100,923.3833,4709254.83,0,fo,,
2025-07-31 12:39:00,LAXMIDENTL,BUY,10000,364.05,3640500.0,0,eq,,
2025-07-31 18:39:00,LAXMIDENTL,SELL,10000,363.5,3635000.0,0,eq,,
2025-07-31 12:40:00,LAXMIINDIA,BUY,25000,148.62,3715500.0,0,eq,,
2025-07-31 18:40:00,LAXMIINDIA,SELL,25000,154.2541,3856352.5,0,eq,,
2025-07-31 12:41:00,LOTUSDEV,BUY,78000,206.9516,16142224.8,0,eq,,
2025-07-31 18:41:00,LOTUSDEV,SELL,78000,207.885,16215030.0,0,eq,,
2025-07-31 12:42:00,LUMAXTECH,BUY,500,1083.1421,541571.05,0,eq,,
2025-07-31 18:42:00,LUMAXTECH,SELL,500,1099.0,549500.0,0,eq,,
2025-07-31 12:43:00,LXCHEM,BUY,45000,219.57,9880650.0,0,eq,,
2025-07-31 18:43:00,LXCHEM,SELL,45000,221.397,9962865.0,0,eq,,
2025-07-31 12:44:00,MALUPAPER,BUY,15364,42.24,648975.36,0,eq,,
2025-07-31 18:44:00,MALUPAPER,SELL,15364,42.1902,648210.23,0,eq,,
2025-07-31 12:45:00,MANAKSTEEL,BUY,25000,72.0962,1802405.0,0,eq,,
2025-07-31 18:45:00,MANAKSTEEL,SELL,25000,66.8456,1671140.0,0,eq,,
2025-07-31 12:46:00,MANGCHEFER,BUY,5000,372.0,1860000.0,0,eq,,
2025-07-31 18:46:00,MANGCHEFER,SELL,5000,351.5143,1757571.5,0,eq,,
2025-07-31 12:47:00,MAZDOCK,BUY,5550,3031.5973,16825365.02,0,eq,,
2025-07-31 18:47:00,MAZDOCK,SELL,5550,3011.3337,16712902.04,0,eq,,
2025-07-31 12:48:00,MBEL,BUY,12000,524.85,6298200.0,0,eq,,
2025-07-31 18:48:00,MBEL,SELL,12000,524.85,6298200.0,0,eq,,
2025-07-31 12:49:00,MCLOUD,BUY,90000,97.78,8800200.0,0,eq,,
2025-07-31 18:49:00,MCLOUD,SELL,90000,97.595,8783550.0,0,eq,,
2025-07-31 12:50:00,MCX,BUY,400,8509.48,3403792.0,0,eq,,
2025-07-31 18:50:00,MCX,SELL,400,8811.4225,3524569.0,0,eq,,
2025-07-31 12:51:00,MFML,BUY,14,29.5957,414.34,0,eq,,
2025-07-31 18:51:00,MFML,SELL,14,30.1264,421.77,0,eq,,
2025-07-31 12:52:00,MICEL,BUY,366000,76.9347,28158100.2,0,eq,,
2025-07-31 18:52:00,MICEL,SELL,366000,76.8691,28134090.6,0,eq,,
2025-07-31 12:53:00,MIDHANI,BUY,10000,449.1933,4491933.0,0,eq,,
2025-07-31 18:53:00,MIDHANI,SELL,10000,436.2357,4362357.0,0,eq,,
2025-07-31 12:54:00,MINDTECK,BUY,5000,217.08,1085400.0,0,eq,,
2025-07-31 18:54:00,MINDTECK,SELL,5000,216.8,1084000.0,0,eq,,
2025-07-31 12:55:00,MIRCELECTR,BUY,25000,24.44,611000.0,0,eq,,
2025-07-31 18:55:00,MIRCELECTR,SELL,25000,24.52,613000.0,0,eq,,
2025-07-31 12:56:00,MOBIKWIK,BUY,43000,297.6526,12799061.8,0,eq,,
2025-07-31 18:56:00,MOBIKWIK,SELL,43000,296.6265,12754939.5,0,eq,,
2025-07-31 12:57:00,MODEFENCE,BUY,78000,93.477,7291206.0,0,eq,,
2025-07-31 18:57:00,MODEFENCE,SELL,78000,96.5254,7528981.2,0,eq,,
2025-07-31 12:58:00,MOSCHIP,BUY,20000,228.0231,4560462.0,0,eq,,
2025-07-31 18:58:00,MOSCHIP,SELL,20000,239.4,4788000.0,0,eq,,
2025-07-31 12:59:00,MOTHERSON,BUY,200000,130.05,26010000.0,0,eq,,
2025-07-31 18:59:00,MOTHERSON,SELL,200000,128.3662,25673240.0,0,eq,,
2025-07-31 13:00:00,MUFTI,BUY,24000,173.84,4172160.0,0,eq,,
2025-07-31 19:00:00,MUFTI,SELL,24000,175.9413,4222591.2,0,eq,,
2025-07-31 13:01:00,MUTHOOTFIN,BUY,42001,2760.8,115956360.8,0,eq,,
2025-07-31 19:01:00,MUTHOOTFIN,SELL,42001,2760.7694,115955075.57,0,eq,,
2025-07-31 13:02:00,MUTHOOTFIN,BUY,5500,3736.9,20552950.0,0,fo,,
2025-07-31 19:02:00,MUTHOOTFIN,SELL,5500,3736.905,20552977.5,0,fo,,
2025-07-31 13:03:00,NACLIND,BUY,80000,197.5743,15805944.0,0,eq,,
2025-07-31 19:03:00,NACLIND,SELL,80000,203.8776,16310208.0,0,eq,,
2025-07-31 13:04:00,NAHARPOLY,BUY,5000,357.9765,1789882.5,0,eq,,
2025-07-31 19:04:00,NAHARPOLY,SELL,5000,334.117,1670585.0,0,eq,,
2025-07-31 13:05:00,NATFIT,BUY,10000,175.1387,1751387.0,0,eq,,
2025-07-31 19:05:00,NATFIT,SELL,10000,176.3958,1763958.0,0,eq,,
2025-07-31 13:06:00,NAVINFLUOR,BUY,48300,4771.9372,230484566.76,0,eq,,
2025-07-31 19:06:00,NAVINFLUOR,SELL,48300,4770.9566,230437203.78,0,eq,,
2025-07-31 13:07:00,NAZARA,BUY,1000,1358.8,1358800.0,0,eq,,
2025-07-31 19:07:00,NAZARA,SELL,1000,1333.1043,1333104.3,0,eq,,
2025-07-31 13:08:00,NCC,BUY,570000,212.7116,121245612.0,0,eq,,
2025-07-31 19:08:00,NCC,SELL,570000,212.7116,121245612.0,0,eq,,
2025-07-31 13:09:00,NECLIFE,BUY,50000,25.8996,1294980.0,0,eq,,
2025-07-31 19:09:00,NECLIFE,SELL,50000,24.4302,1221510.0,0,eq,,
2025-07-31 13:10:00,NELCO,BUY,6840,876.0474,5992164.22,0,eq,,
2025-07-31 19:10:00,NELCO,SELL,6840,876.0474,5992164.22,0,eq,,
2025-07-31 13:11:00,NETWEB,BUY,7900,3510.5093,27733023.47,0,eq,,
2025-07-31 19:11:00,NETWEB,SELL,7900,3505.7275,27695247.25,0,eq,,
2025-07-31 13:12:00,NEULANDLAB,BUY,200,14809.365,2961873.0,0,eq,,
2025-07-31 19:12:00,NEULANDLAB,SELL,200,14997.715,2999543.0,0,eq,,
2025-07-31 13:13:00,NIBE,BUY,5002,1692.9569,8468170.41,0,eq,,
2025-07-31 19:13:00,NIBE,SELL,5002,1654.0464,8273540.09,0,eq,,
2025-07-31 13:14:00,NIVABUPA,BUY,85000,89.5384,7610764.0,0,eq,,
2025-07-31 19:14:00,NIVABUPA,SELL,85000,87.0466,7398961.0,0,eq,,
2025-07-31 13:15:00,NSDL,BUY,12000,1212.9429,14555314.8,0,eq,,
2025-07-31 19:15:00,NSDL,SELL,12000,1263.466,15161592.0,0,eq,,
2025-07-31 13:16:00,NUCLEUS,BUY,1000,1186.25,1186250.0,0,eq,,
2025-07-31 19:16:00,NUCLEUS,SELL,1000,1286.25,1286250.0,0,eq,,
2025-07-31 13:17:00,OCCLLTD,BUY,10000,122.6,1226000.0,0,eq,,
2025-07-31 19:17:00,OCCLLTD,SELL,10000,122.6,1226000.0,0,eq,,
2025-07-31 13:18:00,OFSS,BUY,1650,9298.0,15341700.0,0,fo,,
2025-07-31 19:18:00,OFSS,SELL,1650,9298.0,15341700.0,0,fo,,
2025-07-31 13:19:00,OLAELEC,BUY,852253,51.3688,43779213.91,0,eq,,
2025-07-31 19:19:00,OLAELEC,SELL,852253,52.7458,44952766.29,0,eq,,
2025-07-31 13:20:00,OLECTRA,BUY,3000,1686.7102,5060130.6,0,eq,,
2025-07-31 19:20:00,OLECTRA,SELL,3000,1637.6572,4912971.6,0,eq,,
2025-07-31 13:21:00,ONWARDTEC,BUY,6000,318.95,1913700.0,0,eq,,
2025-07-31 19:21:00,ONWARDTEC,SELL,6000,316.9457,1901674.2,0,eq,,
2025-07-31 13:22:00,ORCHPHARMA,BUY,1000,801.7336,801733.6,0,eq,,
2025-07-31 19:22:00,ORCHPHARMA,SELL,1000,725.532,725532.0,0,eq,,
2025-07-31 13:23:00,ORIANA,BUY,3000,2602.85,7808550.0,0,eq,,
2025-07-31 19:23:00,ORIANA,SELL,3000,2594.9125,7784737.5,0,eq,,
2025-07-31 13:24:00,ORIENTTECH,BUY,20000,450.65,9013000.0,0,eq,,
2025-07-31 19:24:00,ORIENTTECH,SELL,20000,438.4465,8768930.0,0,eq,,
2025-07-31 13:25:00,OSWALPUMPS,BUY,10000,718.7601,7187601.0,0,eq,,
2025-07-31 19:25:00,OSWALPUMPS,SELL,10000,739.2255,7392255.0,0,eq,,
2025-07-31 13:26:00,PANACEABIO,BUY,50037,535.7587,26807758.07,0,eq,,
2025-07-31 19:26:00,PANACEABIO,SELL,50037,530.5778,26548521.38,0,eq,,
2025-07-31 13:27:00,PARADEEP,BUY,57000,172.9725,9859432.5,0,eq,,
2025-07-31 19:27:00,PARADEEP,SELL,57000,170.8387,9737805.9,0,eq,,
2025-07-31 13:28:00,PARAS,BUY,23012,1234.3441,28404726.43,0,eq,,
2025-07-31 19:28:00,PARAS,SELL,23012,1244.394,28635994.73,0,eq,,
2025-07-31 13:29:00,PAYTM,BUY,1,1150.0,1150.0,0,eq,,
2025-07-31 19:29:00,PAYTM,SELL,1,1172.5,1172.5,0,eq,,
2025-07-31 13:30:00,PCJEWELLER,BUY,150000,16.82,2523000.0,0,eq,,
2025-07-31 19:30:00,PCJEWELLER,SELL,150000,18.0357,2705355.0,0,eq,,
2025-07-31 13:31:00,PERSISTENT,BUY,4500,4788.4417,21547987.65,0,eq,,
2025-07-31 19:31:00,PERSISTENT,SELL,4500,4785.75,21535875.0,0,eq,,
2025-07-31 13:32:00,PFOCUS,BUY,68001,180.2918,12260022.69,0,eq,,
2025-07-31 19:32:00,PFOCUS,SELL,68001,176.7314,12017911.93,0,eq,,
2025-07-31 13:33:00,PGEL,BUY,115666,546.9117,63259088.69,0,eq,,
2025-07-31 19:33:00,PGEL,SELL,115666,550.6978,63697011.73,0,eq,,
2025-07-31 13:34:00,PGEL,BUY,28700,593.2317,17025749.79,0,fo,,
2025-07-31 19:34:00,PGEL,SELL,28700,599.1927,17196830.49,0,fo,,
2025-07-31 13:35:00,PINELABS,BUY,10000,249.7422,2497422.0,0,eq,,
2025-07-31 19:35:00,PINELABS,SELL,10000,242.3119,2423119.0,0,eq,,
2025-07-31 13:36:00,PLAZACABLE,BUY,18240,54.6832,997421.57,0,eq,,
2025-07-31 19:36:00,PLAZACABLE,SELL,18240,54.6832,997421.57,0,eq,,
2025-07-31 13:37:00,PNBHOUSING,BUY,86392,959.1018,82858722.71,0,eq,,
2025-07-31 19:37:00,PNBHOUSING,SELL,86392,958.763,82829453.1,0,eq,,
2025-07-31 13:38:00,PNBHOUSING,BUY,13650,838.25,11442112.5,0,fo,,
2025-07-31 19:38:00,PNBHOUSING,SELL,13650,838.25,11442112.5,0,fo,,
2025-07-31 13:39:00,POCL,BUY,2000,728.2,1456400.0,0,eq,,
2025-07-31 19:39:00,POCL,SELL,2000,753.0253,1506050.6,0,eq,,
2025-07-31 13:40:00,POKARNA,BUY,2000,1068.2515,2136503.0,0,eq,,
2025-07-31 19:40:00,POKARNA,SELL,2000,1066.736,2133472.0,0,eq,,
2025-07-31 13:41:00,POONAWALLA,BUY,4000,497.6243,1990497.2,0,eq,,
2025-07-31 19:41:00,POONAWALLA,SELL,4000,496.0,1984000.0,0,eq,,
2025-07-31 13:42:00,POWERINDIA,BUY,1050,19741.0,20728050.0,0,fo,,
2025-07-31 19:42:00,POWERINDIA,SELL,1050,19941.5238,20938599.99,0,fo,,
2025-07-31 13:43:00,PRATIK,BUY,4,5.3675,21.47,0,eq,,
2025-07-31 19:43:00,PRATIK,SELL,4,5.5875,22.35,0,eq,,
2025-07-31 13:44:00,PROSTARM,BUY,87909,195.646,17199044.21,0,eq,,
2025-07-31 19:44:00,PROSTARM,SELL,87909,200.2918,17607451.85,0,eq,,
2025-07-31 13:45:00,PTCIL,BUY,200,15449.525,3089905.0,0,eq,,
2025-07-31 19:45:00,PTCIL,SELL,200,15028.0,3005600.0,0,eq,,
2025-07-31 13:46:00,QPOWER,BUY,13450,564.0724,7586773.78,0,eq,,
2025-07-31 19:46:00,QPOWER,SELL,13450,599.4262,8062282.39,0,eq,,
2025-07-31 13:47:00,QUICKHEAL,BUY,6000,392.6437,2355862.2,0,eq,,
2025-07-31 19:47:00,QUICKHEAL,SELL,6000,397.8528,2387116.8,0,eq,,
2025-07-31 13:48:00,RADHIKAJWE,BUY,25000,103.33,2583250.0,0,eq,,
2025-07-31 19:48:00,RADHIKAJWE,SELL,25000,95.7832,2394580.0,0,eq,,
2025-07-31 13:49:00,RAILTEL,BUY,13000,425.1918,5527493.4,0,eq,,
2025-07-31 19:49:00,RAILTEL,SELL,13000,422.8363,5496871.9,0,eq,,
2025-07-31 13:50:00,RAJESH,BUY,1200,1268.6,1522320.0,0,eq,,
2025-07-31 19:50:00,RAJESH,SELL,1200,1268.6,1522320.0,0,eq,,
2025-07-31 13:51:00,RAMCOSYS,BUY,6000,595.525,3573150.0,0,eq,,
2025-07-31 19:51:00,RAMCOSYS,SELL,6000,581.0014,3486008.4,0,eq,,
2025-07-31 13:52:00,RBLBANK,BUY,50000,206.89,10344500.0,0,eq,,
2025-07-31 19:52:00,RBLBANK,SELL,50000,206.89,10344500.0,0,eq,,
2025-07-31 13:53:00,RBLBANK,BUY,6350,331.25,2103437.5,0,fo,,
2025-07-31 19:53:00,RBLBANK,SELL,6350,329.875,2094706.25,0,fo,,
2025-07-31 13:54:00,REDINGTON,BUY,90000,290.2895,26126055.0,0,eq,,
2025-07-31 19:54:00,REDINGTON,SELL,90000,295.1646,26564814.0,0,eq,,
2025-07-31 13:55:00,REFEX,BUY,75893,407.0974,30895842.98,0,eq,,
2025-07-31 19:55:00,REFEX,SELL,75893,405.9181,30806342.36,0,eq,,
2025-07-31 13:56:00,RELIABLE,BUY,30000,136.08,4082400.0,0,eq,,
2025-07-31 19:56:00,RELIABLE,SELL,30000,136.0,4080000.0,0,eq,,
2025-07-31 13:57:00,RELINFRA,BUY,22000,393.4948,8656885.6,0,eq,,
2025-07-31 19:57:00,RELINFRA,SELL,22000,396.0127,8712279.4,0,eq,,
2025-07-31 13:58:00,RELTD,BUY,28431,172.4972,4904267.89,0,eq,,
2025-07-31 19:58:00,RELTD,SELL,28431,170.7657,4855039.62,0,eq,,
2025-07-31 13:59:00,RIR,BUY,6000,319.35,1916100.0,0,eq,,
2025-07-31 19:59:00,RIR,SELL,6000,319.35,1916100.0,0,eq,,
2025-07-31 14:00:00,RISHABH,BUY,15000,394.5574,5918361.0,0,eq,,
2025-07-31 20:00:00,RISHABH,SELL,15000,404.8589,6072883.5,0,eq,,
2025-07-31 14:01:00,RPEL,BUY,3000,937.95,2813850.0,0,eq,,
2025-07-31 20:01:00,RPEL,SELL,3000,937.95,2813850.0,0,eq,,
2025-07-31 14:02:00,RPOWER,BUY,290000,59.1281,17147149.0,0,eq,,
2025-07-31 20:02:00,RPOWER,SELL,290000,62.1282,18017178.0,0,eq,,
2025-07-31 14:03:00,RTNINDIA,BUY,80000,65.7689,5261512.0,0,eq,,
2025-07-31 20:03:00,RTNINDIA,SELL,80000,62.2992,4983936.0,0,eq,,
2025-07-31 14:04:00,RTNPOWER,BUY,130003,14.8906,1935822.67,0,eq,,
2025-07-31 20:04:00,RTNPOWER,SELL,130003,15.7992,2053943.4,0,eq,,
2025-07-31 14:05:00,RVNL,BUY,11000,398.9193,4388112.3,0,eq,,
2025-07-31 20:05:00,RVNL,SELL,11000,428.835,4717185.0,0,eq,,
2025-07-31 14:06:00,SAATVIKGL,BUY,5000,546.2192,2731096.0,0,eq,,
2025-07-31 20:06:00,SAATVIKGL,SELL,5000,512.7037,2563518.5,0,eq,,
2025-07-31 14:07:00,SAGILITY,BUY,934598,45.5725,42591967.35,0,eq,,
2025-07-31 20:07:00,SAGILITY,SELL,934598,45.4873,42512339.61,0,eq,,
2025-07-31 14:08:00,SAILIFE,BUY,3000,872.25,2616750.0,0,eq,,
2025-07-31 20:08:00,SAILIFE,SELL,3000,868.0,2604000.0,0,eq,,
2025-07-31 14:09:00,SAMBHV,BUY,55000,121.9214,6705677.0,0,eq,,
2025-07-31 20:09:00,SAMBHV,SELL,55000,118.3306,6508183.0,0,eq,,
2025-07-31 14:10:00,SANATHAN,BUY,6000,442.3,2653800.0,0,eq,,
2025-07-31 20:10:00,SANATHAN,SELL,6000,430.975,2585850.0,0,eq,,
2025-07-31 14:11:00,SARDAEN,BUY,16000,532.0929,8513486.4,0,eq,,
2025-07-31 20:11:00,SARDAEN,SELL,16000,531.6137,8505819.2,0,eq,,
2025-07-31 14:12:00,SATTVAENGG,BUY,8000,111.0,888000.0,0,eq,,
2025-07-31 20:12:00,SATTVAENGG,SELL,8000,110.05,880400.0,0,eq,,
2025-07-31 14:13:00,SBICARD,BUY,1000,925.0,925000.0,0,eq,,
2025-07-31 20:13:00,SBICARD,SELL,1000,905.2856,905285.6,0,eq,,
2025-07-31 14:14:00,SCHNEIDER,BUY,47500,804.7553,38225876.75,0,eq,,
2025-07-31 20:14:00,SCHNEIDER,SELL,47500,804.7553,38225876.75,0,eq,,
2025-07-31 14:15:00,SCODATUBES,BUY,30725,207.8194,6385251.07,0,eq,,
2025-07-31 20:15:00,SCODATUBES,SELL,30725,196.5473,6038915.79,0,eq,,
2025-07-31 14:16:00,SENCO,BUY,42002,373.3646,15682059.93,0,eq,,
2025-07-31 20:16:00,SENCO,SELL,42002,371.3623,15597959.32,0,eq,,
2025-07-31 14:17:00,SERVOTECH,BUY,20000,148.0,2960000.0,0,eq,,
2025-07-31 20:17:00,SERVOTECH,SELL,20000,157.8167,3156334.0,0,eq,,
2025-07-31 14:18:00,SGLTL,BUY,10000,197.65,1976500.0,0,eq,,
2025-07-31 20:18:00,SGLTL,SELL,10000,197.9483,1979483.0,0,eq,,
2025-07-31 14:19:00,SHAKTIPUMP,BUY,6000,935.8108,5614864.8,0,eq,,
2025-07-31 20:19:00,SHAKTIPUMP,SELL,6000,917.5149,5505089.4,0,eq,,
2025-07-31 14:20:00,SHANTIGOLD,BUY,8000,241.8707,1934965.6,0,eq,,
2025-07-31 20:20:00,SHANTIGOLD,SELL,8000,247.4103,1979282.4,0,eq,,
2025-07-31 14:21:00,SHARDACROP,BUY,25000,1090.5,27262500.0,0,eq,,
2025-07-31 20:21:00,SHARDACROP,SELL,25000,1090.4314,27260785.0,0,eq,,
2025-07-31 14:22:00,SHRIPISTON,BUY,500,2514.3932,1257196.6,0,eq,,
2025-07-31 20:22:00,SHRIPISTON,SELL,500,2395.224,1197612.0,0,eq,,
2025-07-31 14:23:00,SIEMENS,BUY,4000,3009.8058,12039223.2,0,eq,,
2025-07-31 20:23:00,SIEMENS,SELL,4000,3017.71,12070840.0,0,eq,,
2025-07-31 14:24:00,SIKA,BUY,3500,1479.12,5176920.0,0,eq,,
2025-07-31 20:24:00,SIKA,SELL,3500,1443.67,5052845.0,0,eq,,
2025-07-31 14:25:00,SKYGOLD,BUY,43831,350.7262,15372680.07,0,eq,,
2025-07-31 20:25:00,SKYGOLD,SELL,43831,350.0066,15341139.28,0,eq,,
2025-07-31 14:26:00,SMARTWORKS,BUY,4000,462.2615,1849046.0,0,eq,,
2025-07-31 20:26:00,SMARTWORKS,SELL,4000,449.1,1796400.0,0,eq,,
2025-07-31 14:27:00,SMLMAH,BUY,1059,4008.7949,4245313.8,0,eq,,
2025-07-31 20:27:00,SMLMAH,SELL,1059,4001.1714,4237240.51,0,eq,,
2025-07-31 14:28:00,SOLARINDS,BUY,440,16057.3818,7065247.99,0,eq,,
2025-07-31 20:28:00,SOLARINDS,SELL,440,15867.5159,6981707.0,0,eq,,
2025-07-31 14:29:00,SOLEX,BUY,12500,1590.8975,19886218.75,0,eq,,
2025-07-31 20:29:00,SOLEX,SELL,12500,1590.89,19886125.0,0,eq,,
2025-07-31 14:30:00,SOUTHBANK,BUY,80000,40.2,3216000.0,0,eq,,
2025-07-31 20:30:00,SOUTHBANK,SELL,80000,38.6074,3088592.0,0,eq,,
2025-07-31 14:31:00,SPAL,BUY,1500,874.05,1311075.0,0,eq,,
2025-07-31 20:31:00,SPAL,SELL,1500,874.05,1311075.0,0,eq,,
2025-07-31 14:32:00,SPELS,BUY,9000,227.55,2047950.0,0,eq,,
2025-07-31 20:32:00,SPELS,SELL,9000,227.3843,2046458.7,0,eq,,
2025-07-31 14:33:00,SPIC,BUY,120000,107.5986,12911832.0,0,eq,,
2025-07-31 20:33:00,SPIC,SELL,120000,106.2096,12745152.0,0,eq,,
2025-07-31 14:34:00,SPMLINFRA,BUY,5000,297.4261,1487130.5,0,eq,,
2025-07-31 20:34:00,SPMLINFRA,SELL,5000,273.039,1365195.0,0,eq,,
2025-07-31 14:35:00,SPORTKING,BUY,16000,110.61,1769760.0,0,eq,,
2025-07-31 20:35:00,SPORTKING,SELL,16000,110.5177,1768283.2,0,eq,,
2025-07-31 14:36:00,SPUNWEB,BUY,3600,158.55,570780.0,0,eq,,
2025-07-31 20:36:00,SPUNWEB,SELL,3600,144.85,521460.0,0,eq,,
2025-07-31 14:37:00,SRF,BUY,1125,3058.9333,3441299.96,0,fo,,
2025-07-31 20:37:00,SRF,SELL,1125,3054.5,3436312.5,0,fo,,
2025-07-31 14:38:00,SRF,BUY,1500,3064.75,4597125.0,0,fo,,
2025-07-31 20:38:00,SRF,SELL,1500,3024.9,4537350.0,0,fo,,
2025-07-31 14:39:00,SRM,BUY,6000,483.2502,2899501.2,0,eq,,
2025-07-31 20:39:00,SRM,SELL,6000,491.0657,2946394.2,0,eq,,
2025-07-31 14:40:00,STALLION,BUY,117191,318.4125,37315079.29,0,eq,,
2025-07-31 20:40:00,STALLION,SELL,117191,316.9561,37144402.32,0,eq,,
2025-07-31 14:41:00,STLNETWORK,BUY,120000,30.7504,3690048.0,0,eq,,
2025-07-31 20:41:00,STLNETWORK,SELL,120000,32.3291,3879492.0,0,eq,,
2025-07-31 14:42:00,STLTECH,BUY,49000,112.9867,5536348.3,0,eq,,
2025-07-31 20:42:00,STLTECH,SELL,49000,117.9487,5779486.3,0,eq,,
2025-07-31 14:43:00,SUNPHARMA,BUY,1,1574.2,1574.2,0,eq,,
2025-07-31 20:43:00,SUNPHARMA,SELL,1,1585.0,1585.0,0,eq,,
2025-07-31 14:44:00,SUVEN,BUY,12000,265.12,3181440.0,0,eq,,
2025-07-31 20:44:00,SUVEN,SELL,12000,265.5322,3186386.4,0,eq,,
2025-07-31 14:45:00,SUZLON,BUY,100000,65.188,6518800.0,0,eq,,
2025-07-31 20:45:00,SUZLON,SELL,100000,65.195,6519500.0,0,eq,,
2025-07-31 14:46:00,SWANCORP,BUY,19000,455.2289,8649349.1,0,eq,,
2025-07-31 20:46:00,SWANCORP,SELL,19000,455.2289,8649349.1,0,eq,,
2025-07-31 14:47:00,SWIGGY,BUY,10000,398.0421,3980421.0,0,eq,,
2025-07-31 20:47:00,SWIGGY,SELL,10000,400.8952,4008952.0,0,eq,,
2025-07-31 14:48:00,SYNGENE,BUY,109405,674.5047,73794186.7,0,eq,,
2025-07-31 20:48:00,SYNGENE,SELL,109405,674.25,73766321.25,0,eq,,
2025-07-31 14:49:00,TANLA,BUY,1,677.0,677.0,0,eq,,
2025-07-31 20:49:00,TANLA,SELL,1,679.2,679.2,0,eq,,
2025-07-31 14:50:00,TARIL,BUY,52071,558.4772,29080466.28,0,eq,,
2025-07-31 20:50:00,TARIL,SELL,52071,557.5314,29031217.53,0,eq,,
2025-07-31 14:51:00,TATACAP,BUY,6000,335.3,2011800.0,0,eq,,
2025-07-31 20:51:00,TATACAP,SELL,6000,335.2,2011200.0,0,eq,,
2025-07-31 14:52:00,TATAINVEST,BUY,1268,9103.8352,11543663.03,0,eq,,
2025-07-31 20:52:00,TATAINVEST,SELL,1268,9491.2283,12034877.48,0,eq,,
2025-07-31 14:53:00,TATVA,BUY,5500,1076.5909,5921249.95,0,eq,,
2025-07-31 20:53:00,TATVA,SELL,5500,1076.5909,5921249.95,0,eq,,
2025-07-31 14:54:00,TDPOWERSYS,BUY,2000,529.9861,1059972.2,0,eq,,
2025-07-31 20:54:00,TDPOWERSYS,SELL,2000,523.0343,1046068.6,0,eq,,
2025-07-31 14:55:00,THANGAMAYL,BUY,800,3389.3,2711440.0,0,eq,,
2025-07-31 20:55:00,THANGAMAYL,SELL,800,3300.3222,2640257.76,0,eq,,
2025-07-31 14:56:00,TI,BUY,9000,489.937,4409433.0,0,eq,,
2025-07-31 20:56:00,TI,SELL,9000,483.3454,4350108.6,0,eq,,
2025-07-31 14:57:00,TIMEX,BUY,28001,312.5279,8751093.73,0,eq,,
2025-07-31 20:57:00,TIMEX,SELL,28001,304.1768,8517254.58,0,eq,,
2025-07-31 14:58:00,TITAGARH,BUY,1,805.75,805.75,0,eq,,
2025-07-31 20:58:00,TITAGARH,SELL,1,776.0,776.0,0,eq,,
2025-07-31 14:59:00,TMPV,BUY,45263,552.5,25007807.5,0,eq,,
2025-07-31 20:59:00,TMPV,SELL,45263,552.5,25007807.5,0,eq,,
2025-07-31 15:00:00,TRANSRAILL,BUY,7000,794.4259,5560981.3,0,eq,,
2025-07-31 21:00:00,TRANSRAILL,SELL,7000,763.4839,5344387.3,0,eq,,
2025-07-31 15:01:00,TRAVELFOOD,BUY,6500,1237.6329,8044613.85,0,eq,,
2025-07-31 21:01:00,TRAVELFOOD,SELL,6500,1243.044,8079786.0,0,eq,,
2025-07-31 15:02:00,TRENT,BUY,16270,4728.4842,76932437.93,0,eq,,
2025-07-31 21:02:00,TRENT,SELL,16270,4728.4892,76932519.28,0,eq,,
2025-07-31 15:03:00,TTML,BUY,60000,72.6242,4357452.0,0,eq,,
2025-07-31 21:03:00,TTML,SELL,60000,75.2183,4513098.0,0,eq,,
2025-07-31 15:04:00,TVSELECT,BUY,10000,543.58,5435800.0,0,eq,,
2025-07-31 21:04:00,TVSELECT,SELL,10000,536.4346,5364346.0,0,eq,,
2025-07-31 15:05:00,UNIMECH,BUY,5430,1321.277,7174534.11,0,eq,,
2025-07-31 21:05:00,UNIMECH,SELL,5430,1334.4324,7245967.93,0,eq,,
2025-07-31 15:06:00,URBANCO,BUY,55000,176.0466,9682563.0,0,eq,,
2025-07-31 21:06:00,URBANCO,SELL,55000,175.8893,9673911.5,0,eq,,
2025-07-31 15:07:00,VBL,BUY,25000,499.55,12488750.0,0,eq,,
2025-07-31 21:07:00,VBL,SELL,25000,496.7259,12418147.5,0,eq,,
2025-07-31 15:08:00,VIKRAMSOLR,BUY,38166,371.8903,14193565.19,0,eq,,
2025-07-31 21:08:00,VIKRAMSOLR,SELL,38166,370.7395,14149643.76,0,eq,,
2025-07-31 15:09:00,VIKRAN,BUY,30000,107.7682,3233046.0,0,eq,,
2025-07-31 21:09:00,VIKRAN,SELL,30000,106.5592,3196776.0,0,eq,,
2025-07-31 15:10:00,VIMTALABS,BUY,39213,784.6,30766519.8,0,eq,,
2025-07-31 21:10:00,VIMTALABS,SELL,39213,784.6,30766519.8,0,eq,,
2025-07-31 15:11:00,VINSYS,BUY,760000,393.7184,299225984.0,0,eq,,
2025-07-31 21:11:00,VINSYS,SELL,760000,393.7184,299225984.0,0,eq,,
2025-07-31 15:12:00,VISHNU,BUY,5000,576.8104,2884052.0,0,eq,,
2025-07-31 21:12:00,VISHNU,SELL,5000,570.6175,2853087.5,0,eq,,
2025-07-31 15:13:00,VMM,BUY,62000,125.6804,7792184.8,0,eq,,
2025-07-31 21:13:00,VMM,SELL,62000,122.0449,7566783.8,0,eq,,
2025-07-31 15:14:00,VOLTAS,BUY,114001,1343.6643,153179073.86,0,eq,,
2025-07-31 21:14:00,VOLTAS,SELL,114001,1343.6638,153179016.86,0,eq,,
2025-07-31 15:15:00,WAAREEENER,BUY,7026,3024.7532,21251915.98,0,eq,,
2025-07-31 21:15:00,WAAREEENER,SELL,7026,2957.7547,20781184.52,0,eq,,
2025-07-31 15:16:00,WAAREERTL,BUY,1500,1333.1332,1999699.8,0,eq,,
2025-07-31 21:16:00,WAAREERTL,SELL,1500,1263.2647,1894897.05,0,eq,,
2025-07-31 15:17:00,WALCHANNAG,BUY,61000,204.2594,12459823.4,0,eq,,
2025-07-31 21:17:00,WALCHANNAG,SELL,61000,201.4603,12289078.3,0,eq,,
2025-07-31 15:18:00,WARDINMOBI,BUY,950000,14.1837,13474515.0,0,eq,,
2025-07-31 21:18:00,WARDINMOBI,SELL,950000,14.1837,13474515.0,0,eq,,
2025-07-31 15:19:00,WEBELSOLAR,BUY,20100,1401.4273,28168688.73,0,eq,,
2025-07-31 21:19:00,WEBELSOLAR,SELL,20100,1398.1218,28102248.18,0,eq,,
2025-07-31 15:20:00,WEL,BUY,171000,157.7226,26970564.6,0,eq,,
2025-07-31 21:20:00,WEL,SELL,171000,157.7226,26970564.6,0,eq,,
2025-07-31 15:21:00,WOCKPHARMA,BUY,3000,1510.25,4530750.0,0,eq,,
2025-07-31 21:21:00,WOCKPHARMA,SELL,3000,1510.0,4530000.0,0,eq,,
2025-07-31 15:22:00,YATRA,BUY,241875,131.3959,31781383.31,0,eq,,
2025-07-31 21:22:00,YATRA,SELL,241875,129.9462,31430737.12,0,eq,,
2025-07-31 15:23:00,YESBANK,BUY,1022237,20.05,20495851.85,0,eq,,
2025-07-31 21:23:00,YESBANK,SELL,1022237,20.0724,20518749.96,0,eq,,
2025-07-31 15:24:00,ZAGGLE,BUY,6801,448.999,3053642.2,0,eq,,
2025-07-31 21:24:00,ZAGGLE,SELL,6801,443.7684,3018068.89,0,eq,,
2025-07-31 15:25:00,ZEEMEDIA,BUY,100000,16.04,1604000.0,0,eq,,
2025-07-31 21:25:00,ZEEMEDIA,SELL,100000,15.991,1599100.0,0,eq,,
2025-07-31 15:26:00,ZENTEC,BUY,40079,1703.6711,68281434.02,0,eq,,
2025-07-31 21:26:00,ZENTEC,SELL,40079,1719.9302,68933082.49,0,eq,,
2025-07-31 15:27:00,ZODIACLOTH,BUY,10000,108.15,1081500.0,0,eq,,
2025-07-31 21:27:00,ZODIACLOTH,SELL,10000,109.3747,1093747.0,0,eq,,
2025-07-31 15:28:00,ZTECH,BUY,114000,574.5579,65499600.6,0,eq,,
2025-07-31 21:28:00,ZTECH,SELL,114000,574.5579,65499600.6,0,eq,,
2025-07-31 15:29:00,ZUARI,BUY,575,372.95,214446.25,0,eq,,
2025-07-31 21:29:00,ZUARI,SELL,575,374.0464,215076.68,0,eq,,
2025-07-31 15:30:00,ZUARIIND,BUY,45928,371.3209,17054026.3,0,eq,,
2025-07-31 21:30:00,ZUARIIND,SELL,45928,372.1145,17090474.76,0,eq,,
2025-07-31 15:31:00,,BUY,37154004,172.1169,6394831991.07,0,unknown,,
2025-07-31 21:31:00,,SELL,37154003,172.193,6397659238.58,0,unknown,,
